ogc_fid,lsoa11cd,lsoa11nm,lsoa11nmw,AllED,MaleED,FemaleED,AllEDSig,MaleEDSig,FemEDSig,AllEmAdm,MaleEmAdm,FemEmAdm,AllEmSig,MaleEmSig,FemEmSig,AllAlcAdm,MalAlcAdm,FemAlcAdm,AlcAdmSig,MaleAlcSi,FemAlcSig
5601,E01005761,Stockport 026A,Stockport 026A,36633.90,"35,809.90","37,303.40",Higher,Higher,Higher,15881.9855,13242.89828,18462.29536,Higher,Higher but not significantly so,Higher,"2,811.60","3,644.60","1,924.10",Higher but not significantly so,Higher but not significantly so,Higher but not significantly so
5710,E01005870,Stockport 015A,Stockport 015A,35895.40,"35,716.30","36,761.20",Higher,Higher,Higher,15114.80658,13380.31775,17664.11422,Higher,Higher but not significantly so,Higher,"2,421.00","3,376.70","1,591.40",Lower but not significantly so,Lower but not significantly so,Lower but not significantly so
5711,E01005871,Stockport 015B,Stockport 015B,33627.00,"32,878.10","34,513.20",Higher but not significantly so,Higher but not significantly so,Higher but not significantly so,14857.9456,13770.63337,15815.48054,Higher but not significantly so,Higher but not significantly so,Higher but not significantly so,"2,528.30","3,016.00","2,159.80",Higher but not significantly so,Lower but not significantly so,Higher but not significantly so
5583,E01005743,Stockport 009A,Stockport 009A,28705.80,"28,998.40","28,230.30",Lower,Lower,Lower,11651.14679,11831.37873,11582.04023,Lower,Lower but not significantly so,Lower,"2,112.30","2,805.50","1,453.80",Lower but not significantly so,Lower but not significantly so,Lower but not significantly so
5584,E01005744,Stockport 009B,Stockport 009B,44001.30,"43,025.20","45,920.70",Higher,Higher,Higher,20012.78348,19245.8701,21533.59309,Higher,Higher,Higher,"4,150.70","6,191.80","2,193.00",Higher,Higher,Higher but not significantly so
5585,E01005745,Stockport 005A,Stockport 005A,30189.80,"28,683.10","32,886.50",Lower,Lower,Higher but not significantly so,12544.1427,10350.12871,15683.47737,Lower but not significantly so,Lower,Higher but not significantly so,"1,886.50","2,470.50","1,289.20",Lower,Lower,Lower but not significantly so
5586,E01005746,Stockport 005B,Stockport 005B,43055.30,"39,654.20","47,407.00",Higher,Higher,Higher,19572.79957,17333.11171,22913.63951,Higher,Higher,Higher,"4,324.60","4,885.90","3,841.30",Higher,Higher,Higher
5587,E01005747,Stockport 005C,Stockport 005C,26804.00,"28,369.30","25,608.30",Lower,Lower,Lower,10180.47135,10449.23091,10396.31448,Lower,Lower,Lower,"1,868.60","2,691.60","1,134.70",Lower,Lower but not significantly so,Lower
5588,E01005748,Stockport 005D,Stockport 005D,25441.80,"24,812.50","25,903.70",Lower,Lower,Lower,9638.887312,9143.788379,10147.54126,Lower,Lower,Lower,"2,290.50","3,083.70","1,486.50",Lower but not significantly so,Lower but not significantly so,Lower but not significantly so
5589,E01005749,Stockport 009C,Stockport 009C,30467.10,"28,771.80","32,283.10",Lower,Lower,Higher but not significantly so,12637.75199,11756.7725,13673.9053,Lower but not significantly so,Lower but not significantly so,Lower but not significantly so,"2,255.00","2,735.00","1,844.70",Lower but not significantly so,Lower but not significantly so,Higher but not significantly so
5590,E01005750,Stockport 009D,Stockport 009D,31890.70,"31,556.30","32,544.50",Lower but not significantly so,Lower but not significantly so,Higher but not significantly so,12528.31312,10675.20005,14148.28561,Lower but not significantly so,Lower,Lower but not significantly so,"1,899.30","2,210.50","1,631.60",Lower,Lower,Lower but not significantly so
5591,E01005751,Stockport 009E,Stockport 009E,33153.70,"33,343.40","33,659.90",Higher but not significantly so,Higher but not significantly so,Higher but not significantly so,13053.94264,12258.89744,14127.86035,Lower but not significantly so,Lower but not significantly so,Lower but not significantly so,"2,303.90","3,180.20","1,590.30",Lower but not significantly so,Lower but not significantly so,Lower but not significantly so
5592,E01005752,Stockport 012A,Stockport 012A,35504.40,"33,902.80","37,244.10",Higher,Higher but not significantly so,Higher,16739.22394,16174.59607,17187.10932,Higher,Higher,Higher,"3,066.40","4,298.30","2,067.10",Higher,Higher but not significantly so,Higher but not significantly so
5593,E01005753,Stockport 004A,Stockport 004A,44579.50,"46,959.00","42,308.10",Higher,Higher,Higher,22546.60792,20815.85196,23993.36107,Higher,Higher,Higher,"3,917.90","5,421.80","2,868.00",Higher,Higher,Higher
5594,E01005754,Stockport 004B,Stockport 004B,46082.30,"47,567.50","44,631.10",Higher,Higher,Higher,21813.54766,20377.37055,23733.12285,Higher,Higher,Higher,"5,012.90","6,267.60","3,774.90",Higher,Higher,Higher
5595,E01005755,Stockport 004C,Stockport 004C,44023.00,"48,762.50","39,474.50",Higher,Higher,Higher,19290.24985,20282.16993,18876.02577,Higher,Higher,Higher,"6,208.40","9,060.40","3,578.30",Higher,Higher,Higher
5596,E01005756,Stockport 004D,Stockport 004D,48139.00,"50,369.20","46,363.30",Higher,Higher,Higher,23552.00175,23781.50207,24446.93962,Higher,Higher,Higher,"5,167.30","6,987.40","3,403.50",Higher,Higher,Higher
5597,E01005757,Stockport 014A,Stockport 014A,33427.60,"35,224.20","32,064.60",Higher but not significantly so,Higher but not significantly so,Higher but not significantly so,15042.29529,14267.32718,15912.17206,Higher,Higher but not significantly so,Higher but not significantly so,"3,041.90","3,973.40","2,112.00",Higher but not significantly so,Higher but not significantly so,Higher but not significantly so
5598,E01005758,Stockport 014B,Stockport 014B,59826.00,"56,650.50","62,729.20",Higher,Higher,Higher,27401.72623,23754.44944,30876.9359,Higher,Higher,Higher,"6,945.90","7,780.40","5,331.80",Higher,Higher,Higher
5599,E01005759,Stockport 023A,Stockport 023A,34103.30,"35,920.80","32,734.30",Higher but not significantly so,Higher,Higher but not significantly so,14857.44243,14678.12565,15369.7368,Higher but not significantly so,Higher but not significantly so,Higher but not significantly so,"2,471.50","3,646.10","1,387.10",Lower but not significantly so,Higher but not significantly so,Lower but not significantly so
5600,E01005760,Stockport 023B,Stockport 023B,41671.10,"42,379.40","41,934.20",Higher,Higher,Higher,20113.93255,19410.65602,21460.60469,Higher,Higher,Higher,"4,298.30","5,048.10","3,662.00",Higher,Higher,Higher
5602,E01005762,Stockport 026B,Stockport 026B,46276.60,"46,676.90","45,933.30",Higher,Higher,Higher,21496.37023,19118.36817,23916.70562,Higher,Higher,Higher,"3,710.20","5,005.90","2,766.70",Higher,Higher,Higher
5603,E01005763,Stockport 026C,Stockport 026C,42571.00,"46,078.10","39,857.20",Higher,Higher,Higher,19954.373,21668.53369,18860.59988,Higher,Higher,Higher,"3,496.70","4,882.50","2,310.30",Higher,Higher,Higher
5604,E01005764,Stockport 016A,Stockport 016A,38217.20,"38,099.70","38,339.70",Higher,Higher,Higher,18660.35215,17206.4567,19403.20116,Higher,Higher,Higher,"4,074.20","5,408.80","2,984.10",Higher,Higher,Higher
5605,E01005765,Stockport 018A,Stockport 018A,28971.20,"28,426.70","29,115.20",Lower,Lower,Lower,11658.48725,10061.15238,12834.14842,Lower,Lower,Lower but not significantly so,"1,895.20","2,547.50","1,371.80",Lower,Lower but not significantly so,Lower but not significantly so
5606,E01005766,Stockport 014C,Stockport 014C,41996.50,"43,970.70","40,282.00",Higher,Higher,Higher,20233.15345,18626.07307,21800.28438,Higher,Higher,Higher,"4,393.20","5,368.30","3,225.10",Higher,Higher,Higher
5607,E01005767,Stockport 028A,Stockport 028A,29608.20,"30,061.60","29,115.10",Lower,Lower,Lower,9939.592374,10613.99133,9111.749986,Lower,Lower,Lower,"1,779.30","2,888.30",816.3,Lower,Lower but not significantly so,Lower
5608,E01005768,Stockport 025A,Stockport 025A,30020.90,"29,770.00","30,502.20",Lower,Lower,Lower but not significantly so,10149.06334,10242.49665,10405.57296,Lower,Lower,Lower,"1,633.70","2,094.60","1,276.30",Lower,Lower,Lower but not significantly so
5609,E01005769,Stockport 022A,Stockport 022A,29369.20,"29,102.80","29,907.50",Lower,Lower,Lower but not significantly so,11665.07031,12914.83131,11379.68044,Lower,Higher but not significantly so,Lower,"1,648.10","3,299.00",656.2,Lower,Lower but not significantly so,Lower
5610,E01005770,Stockport 025B,Stockport 025B,32833.10,"30,642.30","34,997.80",Higher but not significantly so,Lower but not significantly so,Higher,10937.13301,9966.237071,11959.6286,Lower,Lower,Lower,"2,182.30","2,444.30","1,985.40",Lower but not significantly so,Lower,Higher but not significantly so
5611,E01005771,Stockport 025C,Stockport 025C,33805.20,"31,728.90","36,039.60",Higher but not significantly so,Lower but not significantly so,Higher,12308.4264,10735.85633,13971.69743,Lower,Lower,Lower but not significantly so,"2,074.00","2,673.40","1,609.80",Lower but not significantly so,Lower but not significantly so,Lower but not significantly so
5612,E01005772,Stockport 028B,Stockport 028B,30842.10,"30,256.60","30,893.80",Lower but not significantly so,Lower,Lower but not significantly so,10853.43724,10034.9573,11310.6402,Lower,Lower,Lower,"1,661.90","2,629.70",865,Lower,Lower,Lower
5613,E01005773,Stockport 028C,Stockport 028C,24549.80,"24,509.10","24,636.40",Lower,Lower,Lower,9938.699389,9150.119938,10600.22078,Lower,Lower,Lower,"1,711.00","2,183.60","1,293.70",Lower,Lower,Lower but not significantly so
5614,E01005774,Stockport 028D,Stockport 028D,46523.20,"53,612.50","38,044.40",Higher,Higher,Higher,20081.58942,20828.80803,18837.02368,Higher,Higher,Higher,"3,902.20","5,763.90","2,250.60",Higher,Higher,Higher but not significantly so
5615,E01005775,Stockport 025D,Stockport 025D,29391.80,"30,300.10","28,798.50",Lower,Lower,Lower,10702.21606,9742.052887,11961.6285,Lower,Lower,Lower,"1,671.00","2,391.90","1,086.90",Lower,Lower,Lower
5616,E01005776,Stockport 028E,Stockport 028E,26833.50,"27,529.50","26,352.20",Lower,Lower,Lower,10629.12875,10277.47398,11522.35981,Lower,Lower,Lower,"1,552.00","2,195.30",984.2,Lower,Lower,Lower
5617,E01005777,Stockport 034A,Stockport 034A,33276.00,"32,271.70","34,411.80",Higher but not significantly so,Lower but not significantly so,Higher,13493.33374,11534.08943,15254.81132,Lower but not significantly so,Lower but not significantly so,Higher but not significantly so,"2,307.30","3,224.70","1,569.30",Lower but not significantly so,Lower but not significantly so,Lower but not significantly so
5618,E01005778,Stockport 022B,Stockport 022B,30249.60,"31,422.50","29,268.70",Lower,Lower but not significantly so,Lower,12758.59187,11988.22619,13752.22789,Lower but not significantly so,Lower but not significantly so,Lower but not significantly so,"2,251.30","3,078.70","1,472.90",Lower but not significantly so,Lower but not significantly so,Lower but not significantly so
5619,E01005779,Stockport 022C,Stockport 022C,31671.70,"32,785.10","31,995.90",Lower but not significantly so,Lower but not significantly so,Higher but not significantly so,14309.40377,14575.3786,15283.63109,Higher but not significantly so,Higher but not significantly so,Higher but not significantly so,"2,102.10","3,360.30","1,206.30",Lower but not significantly so,Lower but not significantly so,Lower but not significantly so
5620,E01005780,Stockport 022D,Stockport 022D,34981.60,"32,893.70","37,507.30",Higher,Higher but not significantly so,Higher,15423.00375,12344.10979,18407.66401,Higher,Lower but not significantly so,Higher,"2,726.10","3,059.50","2,467.50",Higher but not significantly so,Lower but not significantly so,Higher
5621,E01005781,Stockport 022E,Stockport 022E,43014.60,"45,209.50","41,432.30",Higher,Higher,Higher,19927.30612,19196.17812,20618.52073,Higher,Higher,Higher,"4,576.10","6,512.70","2,824.50",Higher,Higher,Higher
5622,E01005782,Stockport 030A,Stockport 030A,30580.00,"35,000.00","26,959.30",Lower but not significantly so,Higher but not significantly so,Lower,11719.51755,12585.55711,11618.16643,Lower,Lower but not significantly so,Lower,"2,076.40","3,212.70","1,213.80",Lower but not significantly so,Lower but not significantly so,Lower but not significantly so
5623,E01005783,Stockport 030B,Stockport 030B,30405.00,"32,382.10","28,522.20",Lower,Lower but not significantly so,Lower,13051.98456,12217.82297,13719.64868,Lower but not significantly so,Lower but not significantly so,Lower but not significantly so,"2,682.50","3,856.60","1,690.30",Higher but not significantly so,Higher but not significantly so,Lower but not significantly so
5624,E01005784,Stockport 030C,Stockport 030C,25007.40,"26,782.90","23,545.80",Lower,Lower,Lower,9274.339258,10023.12737,8679.412475,Lower,Lower,Lower,"1,480.20","2,142.50",884.9,Lower,Lower,Lower
5625,E01005785,Stockport 030D,Stockport 030D,27893.90,"26,333.40","28,940.90",Lower,Lower,Lower,11952.90697,9854.784385,13677.91417,Lower,Lower,Lower but not significantly so,"1,767.70","2,621.70",998.8,Lower,Lower,Lower
5626,E01005786,Stockport 030E,Stockport 030E,25770.20,"27,517.60","24,308.20",Lower,Lower,Lower,9659.009123,9452.325376,10209.01305,Lower,Lower,Lower,"1,584.00","1,836.00","1,410.20",Lower,Lower,Lower but not significantly so
5627,E01005787,Stockport 034B,Stockport 034B,21624.10,"22,708.30","20,570.20",Lower,Lower,Lower,7829.750722,7045.956944,8547.825312,Lower,Lower,Lower,"1,182.90","1,441.90",928.6,Lower,Lower,Lower
5628,E01005788,Stockport 034C,Stockport 034C,23726.90,"24,035.30","23,717.90",Lower,Lower,Lower,9727.131956,9452.33204,10133.67539,Lower,Lower,Lower,"1,618.30","2,313.20",994.1,Lower,Lower,Lower
5629,E01005789,Stockport 039A,Stockport 039A,23174.40,"24,362.10","22,297.20",Lower,Lower,Lower,8400.825742,8353.091195,8601.736984,Lower,Lower,Lower,"1,368.20","2,186.90",671.7,Lower,Lower,Lower
5630,E01005790,Stockport 034D,Stockport 034D,33649.70,"35,670.90","32,470.70",Higher but not significantly so,Higher but not significantly so,Higher but not significantly so,13877.12038,14515.68827,14137.99656,Higher but not significantly so,Higher but not significantly so,Lower but not significantly so,"2,686.00","3,398.80","2,151.30",Higher but not significantly so,Lower but not significantly so,Higher but not significantly so
5631,E01005791,Stockport 039B,Stockport 039B,26782.50,"26,604.40","27,089.70",Lower,Lower,Lower,11858.72515,11005.81781,12721.40666,Lower,Lower,Lower,"2,195.60","3,644.30",893.1,Lower but not significantly so,Higher but not significantly so,Lower
5632,E01005792,Stockport 041A,Stockport 041A,22644.10,"24,363.20","20,700.70",Lower,Lower,Lower,8172.870858,7395.732835,8915.412837,Lower,Lower,Lower,"1,505.90","1,727.50","1,375.60",Lower,Lower,Lower but not significantly so
5633,E01005793,Stockport 039C,Stockport 039C,26848.30,"27,085.80","26,765.20",Lower,Lower,Lower,11906.07718,11084.91221,12716.25986,Lower,Lower,Lower,"1,898.70","2,679.10","1,323.70",Lower,Lower but not significantly so,Lower but not significantly so
5634,E01005794,Stockport 041B,Stockport 041B,23796.00,"23,133.40","24,459.10",Lower,Lower,Lower,10358.77316,9965.50939,10965.34513,Lower,Lower,Lower,"1,656.50","2,499.90",942.3,Lower,Lower,Lower
5635,E01005795,Stockport 039D,Stockport 039D,22199.00,"22,601.00","22,551.80",Lower,Lower,Lower,9143.750536,9143.598656,10195.12608,Lower,Lower,Lower,"1,337.20","1,998.70",910.1,Lower,Lower,Lower
5636,E01005796,Stockport 039E,Stockport 039E,22328.60,"23,959.30","21,247.30",Lower,Lower,Lower,8378.77791,8830.840508,8156.881598,Lower,Lower,Lower,"1,454.50","2,144.40",861.7,Lower,Lower,Lower
5637,E01005797,Stockport 023C,Stockport 023C,40191.10,"44,497.30","37,189.30",Higher,Higher,Higher,18740.83668,20517.15041,18090.18834,Higher,Higher,Higher,"3,502.40","4,338.70","2,966.00",Higher,Higher but not significantly so,Higher
5638,E01005798,Stockport 027A,Stockport 027A,39348.20,"42,497.50","36,329.20",Higher,Higher,Higher,16321.05446,16323.7342,16536.13655,Higher,Higher,Higher,"3,584.90","5,475.80","1,649.20",Higher,Higher,Lower but not significantly so
5639,E01005799,Stockport 026D,Stockport 026D,41638.40,"38,803.40","43,676.60",Higher,Higher,Higher,19305.46356,16286.43531,21271.40561,Higher,Higher,Higher,"3,713.80","5,078.20","2,438.50",Higher,Higher,Higher but not significantly so
5640,E01005800,Stockport 023D,Stockport 023D,28340.50,"28,697.30","28,200.50",Lower,Lower,Lower,11218.55163,10396.35788,12410.04751,Lower,Lower,Lower,"1,497.40","2,279.80",909.2,Lower,Lower,Lower
5641,E01005801,Stockport 027B,Stockport 027B,36882.60,"44,119.90","29,553.00",Higher,Higher,Lower but not significantly so,13813.15985,14551.75544,13041.42554,Higher but not significantly so,Higher,Lower but not significantly so,"2,503.50","4,043.40",968.2,Lower but not significantly so,Higher but not significantly so,Lower
5642,E01005802,Stockport 027C,Stockport 027C,28937.60,"30,476.90","27,744.60",Lower,Lower but not significantly so,Lower,12044.30632,12616.41802,12057.29452,Lower,Lower but not significantly so,Lower,"2,141.00","3,686.20",962.9,Lower but not significantly so,Higher but not significantly so,Lower
5643,E01005803,Stockport 027D,Stockport 027D,28612.20,"26,621.90","30,536.60",Lower,Lower,Lower but not significantly so,11462.24016,10740.43511,12415.70729,Lower,Lower,Lower,"1,882.50","2,908.10","1,128.20",Lower,Lower but not significantly so,Lower
5644,E01005804,Stockport 023E,Stockport 023E,37043.40,"36,896.30","37,104.30",Higher,Higher,Higher,15359.40585,14144.68375,16722.89985,Higher,Higher but not significantly so,Higher,"2,266.40","2,922.00","1,678.00",Lower but not significantly so,Lower but not significantly so,Lower but not significantly so
5645,E01005805,Stockport 035A,Stockport 035A,32389.10,"29,519.70","34,879.40",Higher but not significantly so,Lower,Higher,14841.54494,12373.09574,17203.89067,Higher,Lower but not significantly so,Higher,"2,399.90","3,106.00","1,881.20",Lower but not significantly so,Lower but not significantly so,Higher but not significantly so
5646,E01005806,Stockport 033A,Stockport 033A,30966.70,"29,869.80","32,344.00",Lower but not significantly so,Lower,Higher but not significantly so,13302.17819,11008.92092,15748.8848,Lower but not significantly so,Lower but not significantly so,Higher but not significantly so,"2,046.00","2,806.40","1,446.20",Lower but not significantly so,Lower but not significantly so,Lower but not significantly so
5647,E01005807,Stockport 035B,Stockport 035B,29338.10,"30,703.30","28,517.60",Lower,Lower but not significantly so,Lower,12872.29391,11574.32755,14425.87908,Lower but not significantly so,Lower but not significantly so,Higher but not significantly so,"1,908.00","2,312.50","1,590.80",Lower,Lower,Lower but not significantly so
5648,E01005808,Stockport 037A,Stockport 037A,23403.90,"24,636.00","22,564.00",Lower,Lower,Lower,9923.673528,9619.924153,10455.17973,Lower,Lower,Lower,"1,792.80","2,791.00",910.4,Lower,Lower but not significantly so,Lower
5649,E01005809,Stockport 037B,Stockport 037B,24678.50,"25,231.00","24,103.00",Lower,Lower,Lower,9872.686335,9335.269082,10570.85462,Lower,Lower,Lower,"1,700.90","2,168.10","1,330.50",Lower,Lower,Lower but not significantly so
5650,E01005810,Stockport 037C,Stockport 037C,26360.50,"28,361.20","24,559.00",Lower,Lower,Lower,11593.59348,11815.88085,11544.69525,Lower,Lower but not significantly so,Lower,"1,963.70","2,796.10","1,250.80",Lower,Lower but not significantly so,Lower but not significantly so
5651,E01005811,Stockport 037D,Stockport 037D,28015.40,"27,319.50","28,749.50",Lower,Lower,Lower,11077.09667,10641.11367,11773.49117,Lower,Lower,Lower,"1,457.90","2,111.70",963.3,Lower,Lower,Lower
5652,E01005812,Stockport 037E,Stockport 037E,22710.30,"23,654.10","21,637.10",Lower,Lower,Lower,8964.712945,8365.384135,9904.464146,Lower,Lower,Lower,"1,331.40","2,028.40",709.3,Lower,Lower,Lower
5653,E01005813,Stockport 033B,Stockport 033B,28509.60,"30,417.60","26,857.90",Lower,Lower but not significantly so,Lower,12035.96926,10976.4402,13313.31333,Lower,Lower,Lower but not significantly so,"1,855.40","2,594.40","1,212.30",Lower,Lower,Lower but not significantly so
5654,E01005814,Stockport 033C,Stockport 033C,26958.00,"27,541.10","26,571.90",Lower,Lower,Lower,11673.11982,9924.578312,13698.13416,Lower,Lower,Lower but not significantly so,"2,194.30","3,004.60","1,482.90",Lower but not significantly so,Lower but not significantly so,Lower but not significantly so
5655,E01005815,Stockport 033D,Stockport 033D,27436.90,"27,368.60","27,355.20",Lower,Lower,Lower,9843.805211,9255.34265,10508.92085,Lower,Lower,Lower,"1,318.40","1,978.20",754.6,Lower,Lower,Lower
5656,E01005816,Stockport 016B,Stockport 016B,30771.70,"30,928.20","29,752.50",Lower but not significantly so,Lower but not significantly so,Lower but not significantly so,13760.55633,12406.95669,14741.91958,Higher but not significantly so,Lower but not significantly so,Higher but not significantly so,"2,255.20","3,121.40","1,545.10",Lower but not significantly so,Lower but not significantly so,Lower but not significantly so
5657,E01005817,Stockport 016C,Stockport 016C,34563.70,"37,700.50","31,595.30",Higher,Higher,Lower but not significantly so,16485.88432,17164.10636,15827.07682,Higher,Higher,Higher but not significantly so,"3,318.60","4,993.70","2,068.80",Higher,Higher,Higher but not significantly so
5658,E01005818,Stockport 018B,Stockport 018B,37139.60,"38,887.80","36,838.60",Higher,Higher,Higher,17996.30971,19914.67488,16845.33881,Higher,Higher,Higher,"3,214.70","5,311.30","1,421.40",Higher,Higher,Lower but not significantly so
5659,E01005819,Stockport 018C,Stockport 018C,31710.90,"34,175.40","29,193.30",Lower but not significantly so,Higher but not significantly so,Lower,14084.567,13815.14721,14132.24147,Higher but not significantly so,Higher but not significantly so,Lower but not significantly so,"2,405.20","3,933.30","1,006.10",Lower but not significantly so,Higher but not significantly so,Lower
5660,E01005820,Stockport 018D,Stockport 018D,34897.30,"37,435.40","32,381.20",Higher,Higher,Higher but not significantly so,17536.25316,16952.52586,17827.09112,Higher,Higher,Higher,"2,948.40","4,184.40","1,933.10",Higher but not significantly so,Higher but not significantly so,Higher but not significantly so
5661,E01005821,Stockport 018E,Stockport 018E,36920.10,"37,359.80","36,735.60",Higher,Higher,Higher,16529.39468,15165.40196,18150.54137,Higher,Higher,Higher,"2,904.90","3,803.80","2,111.60",Higher but not significantly so,Higher but not significantly so,Higher but not significantly so
5662,E01005822,Stockport 016D,Stockport 016D,53844.20,"55,319.50","52,844.80",Higher,Higher,Higher,23936.99498,24148.33336,25020.57265,Higher,Higher,Higher,"5,335.50","6,770.80","4,103.30",Higher,Higher,Higher
5663,E01005823,Stockport 018F,Stockport 018F,37857.50,"37,671.80","38,106.50",Higher,Higher,Higher,16346.076,14210.00224,18327.82723,Higher,Higher but not significantly so,Higher,"3,837.00","3,957.70","3,901.50",Higher,Higher but not significantly so,Higher
5664,E01005824,Stockport 024A,Stockport 024A,35598.50,"38,864.70","32,484.10",Higher,Higher,Higher but not significantly so,14595.38652,14962.98067,14503.55226,Higher but not significantly so,Higher,Higher but not significantly so,"2,906.70","4,440.50","1,589.00",Higher but not significantly so,Higher,Lower but not significantly so
5665,E01005825,Stockport 019A,Stockport 019A,30724.20,"32,023.40","29,889.80",Lower but not significantly so,Lower but not significantly so,Lower but not significantly so,14437.58445,13458.79787,16062.36143,Higher but not significantly so,Higher but not significantly so,Higher but not significantly so,"2,604.60","3,166.00","2,215.50",Higher but not significantly so,Lower but not significantly so,Higher but not significantly so
5666,E01005826,Stockport 024B,Stockport 024B,46579.10,"44,943.30","49,239.70",Higher,Higher,Higher,21634.25497,19310.40198,24839.25867,Higher,Higher,Higher,"3,597.10","3,957.00","3,464.80",Higher,Higher but not significantly so,Higher
5667,E01005827,Stockport 024C,Stockport 024C,28353.80,"30,470.30","26,403.40",Lower,Lower,Lower,12383.82147,11390.20299,13477.95218,Lower,Lower but not significantly so,Lower but not significantly so,"1,974.10","2,786.30","1,252.10",Lower,Lower but not significantly so,Lower but not significantly so
5668,E01005828,Stockport 024D,Stockport 024D,52228.00,"47,720.20","55,313.30",Higher,Higher,Higher,22858.71685,16737.34579,28315.26769,Higher,Higher,Higher,"5,443.00","6,133.20","5,110.20",Higher,Higher,Higher
5669,E01005829,Stockport 024E,Stockport 024E,43672.90,"46,855.30","41,503.50",Higher,Higher,Higher,17583.76646,15520.15913,19343.92699,Higher,Higher,Higher,"3,553.10","4,980.90","2,136.20",Higher,Higher,Higher but not significantly so
5670,E01005830,Stockport 027E,Stockport 027E,35237.70,"38,779.10","32,288.20",Higher,Higher,Higher but not significantly so,14855.96763,13922.44904,15852.99178,Higher,Higher but not significantly so,Higher but not significantly so,"1,939.10","2,700.10","1,264.50",Lower,Lower but not significantly so,Lower but not significantly so
5671,E01005831,Stockport 027F,Stockport 027F,31942.00,"33,607.90","30,594.50",Lower but not significantly so,Higher but not significantly so,Lower but not significantly so,12770.46362,13600.97551,12038.28448,Lower but not significantly so,Higher but not significantly so,Lower,"2,748.90","3,822.20","1,761.50",Higher but not significantly so,Higher but not significantly so,Higher but not significantly so
5672,E01005832,Stockport 021A,Stockport 021A,32037.90,"32,049.80","32,035.00",Lower but not significantly so,Lower but not significantly so,Higher but not significantly so,13087.22593,11417.83602,14857.41889,Lower but not significantly so,Lower but not significantly so,Higher but not significantly so,"2,610.90","3,754.40","1,610.00",Higher but not significantly so,Higher but not significantly so,Lower but not significantly so
5673,E01005833,Stockport 021B,Stockport 021B,38174.70,"39,334.80","36,910.20",Higher,Higher,Higher,18591.21258,17459.15641,20044.43905,Higher,Higher,Higher,"3,369.00","4,767.80","2,197.10",Higher,Higher,Higher but not significantly so
5674,E01005834,Stockport 031A,Stockport 031A,41116.50,"39,683.80","42,790.10",Higher,Higher,Higher,17776.8186,15749.07595,20025.38875,Higher,Higher,Higher,"4,022.60","5,353.90","3,011.50",Higher,Higher,Higher
5675,E01005835,Stockport 021C,Stockport 021C,26940.40,"29,195.30","24,778.00",Lower,Lower,Lower,11299.27067,10489.95703,12198.07026,Lower,Lower,Lower,"1,942.50","2,780.50","1,231.80",Lower,Lower but not significantly so,Lower but not significantly so
5676,E01005836,Stockport 031B,Stockport 031B,35359.80,"34,839.40","35,692.50",Higher,Higher but not significantly so,Higher,14367.61784,12490.05964,16221.21934,Higher but not significantly so,Lower but not significantly so,Higher,"2,732.20","3,553.30","2,042.30",Higher but not significantly so,Higher but not significantly so,Higher but not significantly so
5677,E01005837,Stockport 021D,Stockport 021D,31992.20,"31,508.00","32,750.50",Lower but not significantly so,Lower but not significantly so,Higher but not significantly so,15036.87939,13090.05297,17387.69956,Higher,Higher but not significantly so,Higher,"2,522.00","3,071.00","2,170.60",Higher but not significantly so,Lower but not significantly so,Higher but not significantly so
5678,E01005838,Stockport 031C,Stockport 031C,39478.50,"43,508.90","35,964.10",Higher,Higher,Higher,17021.08592,17824.20616,16439.48073,Higher,Higher,Higher,"3,102.80","4,201.90","2,249.50",Higher,Higher but not significantly so,Higher but not significantly so
5679,E01005839,Stockport 035C,Stockport 035C,24781.90,"24,995.90","24,785.70",Lower,Lower,Lower,9732.750097,8982.166786,10492.98239,Lower,Lower,Lower,"1,893.90","2,286.90","1,456.60",Lower,Lower,Lower but not significantly so
5680,E01005840,Stockport 031D,Stockport 031D,42114.40,"44,251.80","40,447.10",Higher,Higher,Higher,16630.60931,17024.07554,17330.47155,Higher,Higher,Higher,"4,053.80","5,623.40","2,928.80",Higher,Higher,Higher
5681,E01005841,Stockport 035D,Stockport 035D,32141.60,"34,096.10","30,428.60",Lower but not significantly so,Higher but not significantly so,Lower but not significantly so,14094.61097,13731.05599,14669.20922,Higher but not significantly so,Higher but not significantly so,Higher but not significantly so,"2,213.40","3,102.30","1,517.20",Lower but not significantly so,Lower but not significantly so,Lower but not significantly so
5682,E01005842,Stockport 038A,Stockport 038A,37811.40,"42,047.50","33,838.50",Higher,Higher,Higher but not significantly so,13161.66889,13314.97672,13162.0934,Lower but not significantly so,Higher but not significantly so,Lower but not significantly so,"2,585.20","3,697.70","1,560.30",Higher but not significantly so,Higher but not significantly so,Lower but not significantly so
5683,E01005843,Stockport 021E,Stockport 021E,27845.70,"27,035.90","28,616.00",Lower,Lower,Lower,12223.96073,10103.36443,14466.26194,Lower,Lower,Higher but not significantly so,"2,065.40","2,770.50","1,296.70",Lower but not significantly so,Lower but not significantly so,Lower but not significantly so
5684,E01005844,Stockport 036A,Stockport 036A,35498.70,"33,588.90","37,046.00",Higher,Higher but not significantly so,Higher,12805.47644,11879.53632,13536.0898,Lower but not significantly so,Lower but not significantly so,Lower but not significantly so,"2,396.60","3,322.50","1,507.20",Lower but not significantly so,Lower but not significantly so,Lower but not significantly so
5685,E01005845,Stockport 036B,Stockport 036B,34963.70,"37,514.10","32,616.60",Higher,Higher,Higher but not significantly so,11220.72745,12377.16162,10382.37195,Lower,Lower but not significantly so,Lower,"2,121.40","3,245.10","1,168.80",Lower but not significantly so,Lower but not significantly so,Lower
5686,E01005846,Stockport 040A,Stockport 040A,29889.90,"31,581.70","28,630.70",Lower,Lower but not significantly so,Lower,10465.83339,11471.70742,10034.28448,Lower,Lower but not significantly so,Lower,"1,428.80","2,197.30",802.2,Lower,Lower,Lower
5687,E01005847,Stockport 040B,Stockport 040B,31884.70,"31,611.50","32,195.90",Lower but not significantly so,Lower but not significantly so,Higher but not significantly so,10512.66134,10474.96762,10545.92215,Lower,Lower,Lower,"1,664.20","2,217.80","1,179.70",Lower,Lower,Lower but not significantly so
5688,E01005848,Stockport 040C,Stockport 040C,30791.80,"33,262.70","28,373.00",Lower,Higher but not significantly so,Lower,10791.02151,12170.96556,9637.224852,Lower,Lower but not significantly so,Lower,"1,839.50","2,795.40","1,055.60",Lower,Lower but not significantly so,Lower
5689,E01005849,Stockport 036C,Stockport 036C,31004.50,"31,111.30","31,630.80",Lower but not significantly so,Lower but not significantly so,Lower but not significantly so,11395.58856,11511.00491,12093.88145,Lower,Lower but not significantly so,Lower,"1,769.20","2,195.50","1,445.70",Lower,Lower,Lower but not significantly so
5690,E01005850,Stockport 040D,Stockport 040D,39297.40,"37,498.90","41,564.40",Higher,Higher,Higher,14121.92468,12566.3224,15584.1599,Higher but not significantly so,Lower but not significantly so,Higher but not significantly so,"2,654.40","3,888.40","1,532.10",Higher but not significantly so,Higher but not significantly so,Lower but not significantly so
5691,E01005851,Stockport 036D,Stockport 036D,32069.40,"31,879.20","32,225.70",Lower but not significantly so,Lower but not significantly so,Higher but not significantly so,11046.35524,9712.618527,12414.01471,Lower,Lower,Lower,"1,567.90","2,085.00","1,105.60",Lower,Lower,Lower
5692,E01005852,Stockport 013A,Stockport 013A,28411.50,"29,593.20","28,044.60",Lower,Lower,Lower,9089.57059,9443.750993,9387.694938,Lower,Lower,Lower,"1,918.60","2,728.10","1,254.20",Lower,Lower but not significantly so,Lower but not significantly so
5693,E01005853,Stockport 011A,Stockport 011A,35519.90,"34,350.70","36,554.10",Higher,Higher but not significantly so,Higher,15103.51711,13063.66757,17071.94841,Higher,Higher but not significantly so,Higher,"2,325.10","3,449.80","1,351.50",Lower but not significantly so,Higher but not significantly so,Lower but not significantly so
5694,E01005854,Stockport 013B,Stockport 013B,23371.80,"23,550.40","22,903.00",Lower,Lower,Lower,8856.865796,8045.518803,9680.123571,Lower,Lower,Lower,"1,293.90","1,716.40",967.5,Lower,Lower,Lower
5695,E01005855,Stockport 013C,Stockport 013C,23038.00,"25,788.20","21,047.60",Lower,Lower,Lower,8527.76161,9248.041766,8422.397508,Lower,Lower,Lower,"1,553.90","2,492.30",899.8,Lower,Lower,Lower
5696,E01005856,Stockport 011B,Stockport 011B,24570.50,"27,400.80","21,726.90",Lower,Lower,Lower,9524.342708,9571.987917,9423.170288,Lower,Lower,Lower,"2,083.90","3,061.50","1,131.20",Lower but not significantly so,Lower but not significantly so,Lower
5697,E01005857,Stockport 013D,Stockport 013D,32359.20,"35,067.10","30,599.20",Higher but not significantly so,Higher but not significantly so,Lower but not significantly so,11946.08976,14134.39477,10535.26136,Lower,Higher but not significantly so,Lower,"2,002.70","2,909.00","1,190.60",Lower,Lower but not significantly so,Lower but not significantly so
5698,E01005858,Stockport 013E,Stockport 013E,31831.30,"28,001.20","35,481.80",Lower but not significantly so,Lower,Higher,10243.74831,8778.398723,11624.37143,Lower,Lower,Lower,"1,806.60","2,131.90","1,662.40",Lower,Lower,Lower but not significantly so
5699,E01005859,Stockport 008A,Stockport 008A,28007.20,"28,871.30","27,867.90",Lower,Lower,Lower,13424.25256,15054.91621,12997.20709,Lower but not significantly so,Higher,Lower but not significantly so,"2,197.90","2,518.90","2,163.00",Lower but not significantly so,Lower,Higher but not significantly so
5700,E01005860,Stockport 011C,Stockport 011C,24605.10,"25,416.80","24,260.30",Lower,Lower,Lower,9801.409104,9871.002056,9920.346722,Lower,Lower,Lower,"1,568.10","2,417.80",847.7,Lower,Lower,Lower
5701,E01005861,Stockport 011D,Stockport 011D,30828.00,"33,735.80","27,828.00",Lower but not significantly so,Higher but not significantly so,Lower,12971.028,13648.4675,12285.90017,Lower but not significantly so,Higher but not significantly so,Lower,"3,668.30","4,671.10","2,812.60",Higher,Higher,Higher
5702,E01005862,Stockport 003A,Stockport 003A,22860.90,"25,413.00","20,419.80",Lower,Lower,Lower,9216.698921,9260.3678,9078.004953,Lower,Lower,Lower,"1,990.60","2,901.10","1,129.80",Lower,Lower but not significantly so,Lower
5703,E01005863,Stockport 006A,Stockport 006A,24395.40,"24,531.70","24,562.90",Lower,Lower,Lower,9833.633863,9968.421575,9961.850085,Lower,Lower,Lower,"2,210.50","3,318.40","1,321.00",Lower but not significantly so,Lower but not significantly so,Lower but not significantly so
5704,E01005864,Stockport 006B,Stockport 006B,25731.00,"30,817.50","21,744.90",Lower,Lower but not significantly so,Lower,9998.869122,12828.69281,8947.822127,Lower,Higher but not significantly so,Lower,"1,605.10","2,691.50",737.7,Lower,Lower but not significantly so,Lower
5705,E01005865,Stockport 008B,Stockport 008B,21675.30,"23,228.50","20,214.10",Lower,Lower,Lower,8153.208354,8003.346908,8608.561352,Lower,Lower,Lower,"1,530.80","1,845.20","1,264.00",Lower,Lower,Lower but not significantly so
5706,E01005866,Stockport 006C,Stockport 006C,29033.00,"32,085.70","25,449.20",Lower,Lower but not significantly so,Lower,12318.75631,12917.87624,11398.83496,Lower,Higher but not significantly so,Lower,"2,572.60","3,961.30",972.7,Higher but not significantly so,Higher but not significantly so,Lower
5707,E01005867,Stockport 008C,Stockport 008C,23771.60,"21,394.90","25,965.00",Lower,Lower,Lower,10871.59249,9273.372774,12322.18898,Lower,Lower,Lower,"1,889.50","2,604.60","1,395.60",Lower,Lower,Lower but not significantly so
5708,E01005868,Stockport 008D,Stockport 008D,25884.00,"25,042.10","26,530.70",Lower,Lower,Lower,8701.070571,7686.383694,9613.025572,Lower,Lower,Lower,"1,555.30","2,301.30",882.6,Lower,Lower,Lower
5709,E01005869,Stockport 006D,Stockport 006D,29702.10,"28,531.20","30,630.00",Lower,Lower,Lower but not significantly so,11690.40126,11289.2553,12402.02291,Lower,Lower but not significantly so,Lower,"2,403.10","3,591.90","1,391.30",Lower but not significantly so,Higher but not significantly so,Lower but not significantly so
5712,E01005872,Stockport 019B,Stockport 019B,39336.20,"41,559.70","37,922.20",Higher,Higher,Higher,16941.35902,16181.28108,17993.04572,Higher,Higher,Higher,"3,510.90","4,860.20","2,346.60",Higher,Higher,Higher
5713,E01005873,Stockport 015C,Stockport 015C,34494.90,"31,705.00","37,548.90",Higher,Lower but not significantly so,Higher,14201.21001,12500.60401,16558.93948,Higher but not significantly so,Lower but not significantly so,Higher,"3,623.00","3,568.70","3,773.20",Higher,Higher but not significantly so,Higher
5714,E01005874,Stockport 019C,Stockport 019C,48586.10,"48,979.90","50,303.50",Higher,Higher,Higher,21600.40623,22023.97645,22075.34416,Higher,Higher,Higher,"5,267.30","7,109.80","3,873.00",Higher,Higher,Higher
5715,E01005875,Stockport 015D,Stockport 015D,33524.70,"36,837.60","30,664.60",Higher but not significantly so,Higher,Lower but not significantly so,14072.95835,13496.1995,14721.47154,Higher but not significantly so,Higher but not significantly so,Higher but not significantly so,"2,864.10","4,341.00","1,569.00",Higher but not significantly so,Higher,Lower but not significantly so
5716,E01005876,Stockport 019D,Stockport 019D,35299.80,"37,921.40","32,616.30",Higher,Higher,Higher but not significantly so,16184.53043,15827.04691,15994.91054,Higher,Higher,Higher but not significantly so,"3,083.30","4,159.00","1,942.80",Higher,Higher but not significantly so,Higher but not significantly so
5717,E01005877,Stockport 019E,Stockport 019E,34967.50,"36,898.10","33,666.60",Higher,Higher,Higher but not significantly so,13466.51055,12523.35365,14682.78589,Lower but not significantly so,Lower but not significantly so,Higher but not significantly so,"2,746.10","3,704.20","1,953.00",Higher but not significantly so,Higher but not significantly so,Higher but not significantly so
5718,E01005878,Stockport 020A,Stockport 020A,36784.60,"35,363.50","37,805.50",Higher,Higher,Higher,18146.42978,16069.83724,19766.92591,Higher,Higher,Higher,"2,910.60","4,015.50","2,008.70",Higher but not significantly so,Higher but not significantly so,Higher but not significantly so
5719,E01005879,Stockport 020B,Stockport 020B,28442.80,"26,492.60","30,412.20",Lower,Lower,Lower but not significantly so,13468.92741,10832.17837,16128.07706,Lower but not significantly so,Lower,Higher,"2,404.30","2,711.00","2,258.00",Lower but not significantly so,Lower but not significantly so,Higher but not significantly so
5720,E01005880,Stockport 017A,Stockport 017A,24870.30,"27,234.90","22,421.00",Lower,Lower,Lower,11411.38607,10854.30031,12107.82322,Lower,Lower,Lower,"1,798.20","2,749.70",910.5,Lower,Lower but not significantly so,Lower
5721,E01005881,Stockport 017B,Stockport 017B,19544.50,"19,370.10","20,118.60",Lower,Lower,Lower,7821.568812,8053.47467,7731.121804,Lower,Lower,Lower,"1,468.40","2,041.70",984,Lower,Lower,Lower
5722,E01005882,Stockport 020C,Stockport 020C,28889.10,"27,762.20","30,557.10",Lower,Lower,Lower but not significantly so,14149.15005,12655.20483,16005.82578,Higher but not significantly so,Lower but not significantly so,Higher but not significantly so,"2,152.10","2,968.60","1,532.60",Lower but not significantly so,Lower but not significantly so,Lower but not significantly so
5723,E01005883,Stockport 017C,Stockport 017C,20869.90,"22,642.10","19,664.90",Lower,Lower,Lower,8821.6246,9316.278399,8867.299749,Lower,Lower,Lower,"2,548.50","4,428.00",809.2,Higher but not significantly so,Higher,Lower
5724,E01005884,Stockport 020D,Stockport 020D,21922.80,"23,331.70","20,627.70",Lower,Lower,Lower,9359.327062,9093.833404,9598.064203,Lower,Lower,Lower,"1,423.70","1,988.30",922.1,Lower,Lower,Lower
5725,E01005885,Stockport 020E,Stockport 020E,27891.20,"29,209.30","26,476.80",Lower,Lower,Lower,12382.09112,13032.69083,12057.85796,Lower,Higher but not significantly so,Lower,"2,227.90","3,164.40","1,516.90",Lower but not significantly so,Lower but not significantly so,Lower but not significantly so
5726,E01005886,Stockport 001A,Stockport 001A,33006.30,"35,109.40","32,029.20",Higher but not significantly so,Higher but not significantly so,Higher but not significantly so,13224.81521,13921.57377,13309.64434,Lower but not significantly so,Higher but not significantly so,Lower but not significantly so,"2,838.20","3,875.40","2,130.60",Higher but not significantly so,Higher but not significantly so,Higher but not significantly so
5727,E01005887,Stockport 002A,Stockport 002A,40394.50,"40,443.00","41,077.00",Higher,Higher,Higher,15659.19215,16081.89585,16561.03665,Higher,Higher,Higher,"2,845.60","3,988.00","2,032.90",Higher but not significantly so,Higher but not significantly so,Higher but not significantly so
5728,E01005888,Stockport 001B,Stockport 001B,32031.90,"33,757.90","30,146.20",Lower but not significantly so,Higher but not significantly so,Lower but not significantly so,13794.26369,11876.10016,15388.20187,Higher but not significantly so,Lower but not significantly so,Higher but not significantly so,"2,869.50","3,933.20","1,893.00",Higher but not significantly so,Higher but not significantly so,Higher but not significantly so
5729,E01005889,Stockport 001C,Stockport 001C,33827.60,"35,355.80","32,303.40",Higher but not significantly so,Higher,Higher but not significantly so,15118.06167,15190.82759,14925.57202,Higher,Higher,Higher but not significantly so,"2,632.10","3,104.80","2,383.40",Higher but not significantly so,Lower but not significantly so,Higher
5730,E01005890,Stockport 002B,Stockport 002B,40167.70,"38,294.90","41,318.20",Higher,Higher,Higher,16538.54288,14970.37328,17620.11661,Higher,Higher,Higher,"3,888.10","5,885.50","2,073.20",Higher,Higher,Higher but not significantly so
5731,E01005891,Stockport 001D,Stockport 001D,28913.70,"30,746.00","26,707.70",Lower,Lower but not significantly so,Lower,11846.63066,12291.42652,11276.17585,Lower,Lower but not significantly so,Lower,"2,096.60","2,549.60","1,622.40",Lower but not significantly so,Lower,Lower but not significantly so
5732,E01005892,Stockport 003B,Stockport 003B,35837.20,"36,488.80","35,056.90",Higher,Higher,Higher,14966.27809,15353.02655,14846.1077,Higher,Higher,Higher but not significantly so,"3,020.30","4,729.10","1,677.50",Higher but not significantly so,Higher,Lower but not significantly so
5733,E01005893,Stockport 002C,Stockport 002C,37348.30,"38,589.90","36,394.90",Higher,Higher,Higher,16295.04021,14643.98259,18266.14974,Higher,Higher,Higher,"3,110.30","3,758.30","2,723.90",Higher,Higher but not significantly so,Higher
5734,E01005894,Stockport 001E,Stockport 001E,30585.40,"29,233.30","32,613.50",Lower,Lower,Higher but not significantly so,12385.32826,10212.74297,14985.52072,Lower but not significantly so,Lower,Higher but not significantly so,"2,150.10","2,899.80","1,409.90",Lower but not significantly so,Lower but not significantly so,Lower but not significantly so
5735,E01005895,Stockport 003C,Stockport 003C,35025.00,"37,061.50","33,411.70",Higher,Higher,Higher but not significantly so,16147.0129,15513.34006,17075.05012,Higher,Higher,Higher,"3,426.00","4,931.80","2,374.60",Higher,Higher,Higher
5736,E01005896,Stockport 002D,Stockport 002D,37319.40,"37,680.70","37,289.40",Higher,Higher,Higher,13868.63971,13609.84609,13980.31174,Higher but not significantly so,Higher but not significantly so,Lower but not significantly so,"3,017.30","4,361.50","1,572.70",Higher but not significantly so,Higher but not significantly so,Lower but not significantly so
5737,E01005897,Stockport 010A,Stockport 010A,36988.70,"38,570.80","36,574.10",Higher,Higher,Higher,18491.60884,16711.21021,21286.48748,Higher,Higher,Higher,"3,118.50","4,333.80","2,214.90",Higher,Higher,Higher but not significantly so
5738,E01005898,Stockport 010B,Stockport 010B,26965.30,"28,253.40","26,234.00",Lower,Lower,Lower,12230.47902,12195.31395,12386.40536,Lower,Lower but not significantly so,Lower,"2,744.30","4,135.10","1,405.20",Higher but not significantly so,Higher but not significantly so,Lower but not significantly so
5739,E01005899,Stockport 012B,Stockport 012B,30317.50,"26,998.00","33,463.10",Lower,Lower,Higher but not significantly so,14129.41781,12708.04644,15676.47814,Higher but not significantly so,Lower but not significantly so,Higher but not significantly so,"1,990.90","2,853.20","1,290.60",Lower,Lower but not significantly so,Lower but not significantly so
5740,E01005900,Stockport 010C,Stockport 010C,30169.20,"29,721.10","30,326.10",Lower,Lower,Lower but not significantly so,13150.48703,11444.20752,14659.34674,Lower but not significantly so,Lower but not significantly so,Higher but not significantly so,"2,656.00","3,574.00","1,765.50",Higher but not significantly so,Higher but not significantly so,Higher but not significantly so
5741,E01005901,Stockport 012C,Stockport 012C,29390.10,"27,849.20","31,083.10",Lower,Lower,Lower but not significantly so,10531.45471,10143.69722,11052.39119,Lower,Lower,Lower,"1,897.00","2,588.80","1,261.80",Lower,Lower,Lower but not significantly so
5742,E01005902,Stockport 012D,Stockport 012D,37809.90,"34,601.00","39,958.10",Higher,Higher but not significantly so,Higher,16906.50641,13391.3681,19706.78708,Higher,Higher but not significantly so,Higher,"3,852.50","5,259.50","2,593.00",Higher,Higher,Higher
5743,E01005903,Stockport 010D,Stockport 010D,22324.50,"21,885.90","22,945.30",Lower,Lower,Lower,9232.512828,9012.678802,9784.719811,Lower,Lower,Lower,"1,704.70","2,463.40","1,103.40",Lower,Lower,Lower
5744,E01005904,Stockport 010E,Stockport 010E,22486.30,"23,401.90","21,829.40",Lower,Lower,Lower,9569.003901,9729.407974,9626.264174,Lower,Lower,Lower,"1,639.00","2,473.00",883.5,Lower,Lower,Lower
5745,E01005905,Stockport 012E,Stockport 012E,44497.40,"49,743.20","42,290.40",Higher,Higher,Higher,21950.85319,24989.83578,21054.72572,Higher,Higher,Higher,"5,137.70","6,842.70","3,682.50",Higher,Higher,Higher
5746,E01005906,Stockport 038B,Stockport 038B,32662.20,"35,123.70","31,465.80",Higher but not significantly so,Higher but not significantly so,Lower but not significantly so,14913.81696,13647.43105,16560.90152,Higher,Higher but not significantly so,Higher,"2,565.20","3,269.20","1,897.70",Higher but not significantly so,Lower but not significantly so,Higher but not significantly so
5747,E01005907,Stockport 038C,Stockport 038C,27473.00,"26,841.10","29,095.20",Lower,Lower,Lower but not significantly so,10631.11839,10470.64829,11272.40146,Lower,Lower,Lower,"1,525.40","2,336.10",856.8,Lower,Lower,Lower
5748,E01005908,Stockport 017D,Stockport 017D,20132.20,"19,383.30","20,802.00",Lower,Lower,Lower,8359.611255,7522.095165,9299.776182,Lower,Lower,Lower,"1,197.20","1,910.20",544.1,Lower,Lower,Lower
5749,E01005909,Stockport 029A,Stockport 029A,22282.40,"23,823.90","20,548.00",Lower,Lower,Lower,9847.09922,9267.963592,10478.48095,Lower,Lower,Lower,"1,588.40","2,039.20","1,185.40",Lower,Lower,Lower
5750,E01005910,Stockport 029B,Stockport 029B,29787.90,"34,167.60","26,855.10",Lower,Higher but not significantly so,Lower,12575.19472,14370.7306,11903.87321,Lower but not significantly so,Higher,Lower,"2,090.50","3,500.30","1,030.30",Lower but not significantly so,Higher but not significantly so,Lower
5751,E01005911,Stockport 029C,Stockport 029C,26587.40,"29,157.60","24,463.90",Lower,Lower,Lower,11834.39209,12256.5206,11680.13726,Lower,Lower but not significantly so,Lower,"1,903.50","2,689.50","1,205.40",Lower,Lower,Lower but not significantly so
5752,E01005912,Stockport 029D,Stockport 029D,27399.50,"30,097.40","24,656.40",Lower,Lower,Lower,10897.35542,11516.16206,10334.55773,Lower,Lower but not significantly so,Lower,"1,529.20","2,264.10",857.2,Lower,Lower,Lower
5753,E01005913,Stockport 038D,Stockport 038D,27270.20,"29,864.70","25,038.40",Lower,Lower,Lower,9551.73967,9968.419481,9615.056317,Lower,Lower,Lower,"1,740.40","2,352.30","1,289.60",Lower,Lower,Lower but not significantly so
5754,E01005914,Stockport 007A,Stockport 007A,33099.40,"32,796.40","33,470.90",Higher but not significantly so,Lower but not significantly so,Higher but not significantly so,14158.54288,13178.5985,15216.26074,Higher but not significantly so,Higher but not significantly so,Higher but not significantly so,"3,184.30","4,315.50","2,063.00",Higher,Higher,Higher but not significantly so
5755,E01005915,Stockport 007B,Stockport 007B,32191.00,"33,112.90","31,718.30",Lower but not significantly so,Higher but not significantly so,Lower but not significantly so,13634.77588,13636.51236,13727.6248,Higher but not significantly so,Higher but not significantly so,Lower but not significantly so,"2,856.20","4,049.30","1,861.20",Higher but not significantly so,Higher but not significantly so,Higher but not significantly so
5756,E01005916,Stockport 007C,Stockport 007C,36301.40,"36,433.60","36,414.50",Higher,Higher,Higher,14947.40119,14097.47869,16157.96032,Higher,Higher but not significantly so,Higher,"2,867.80","3,742.00","2,141.40",Higher but not significantly so,Higher but not significantly so,Higher but not significantly so
5757,E01005917,Stockport 007D,Stockport 007D,40579.60,"38,055.60","43,433.90",Higher,Higher,Higher,18123.65409,14502.25075,21783.42623,Higher,Higher but not significantly so,Higher,"2,958.20","3,902.30","2,235.50",Higher but not significantly so,Higher but not significantly so,Higher but not significantly so
5758,E01005918,Stockport 014D,Stockport 014D,62913.70,"65,603.40","60,669.20",Higher,Higher,Higher,29179.93788,29832.20735,28907.23596,Higher,Higher,Higher,"7,994.80","10,854.10","4,518.60",Higher,Higher,Higher
5759,E01005919,Stockport 002E,Stockport 002E,46156.70,"49,837.60","44,794.40",Higher,Higher,Higher,23620.84748,27590.239,21804.49931,Higher,Higher,Higher,"3,948.50","6,185.50","2,567.90",Higher,Higher,Higher
5760,E01005920,Stockport 003D,Stockport 003D,25965.50,"26,777.20","25,244.70",Lower,Lower,Lower,9952.427339,9440.518782,10595.94889,Lower,Lower,Lower,"2,214.70","2,907.90","1,648.90",Lower but not significantly so,Lower but not significantly so,Lower but not significantly so
5761,E01005921,Stockport 003E,Stockport 003E,35626.50,"35,006.00","36,490.60",Higher,Higher but not significantly so,Higher,15226.24866,14373.66854,16275.73706,Higher,Higher but not significantly so,Higher,"2,785.00","3,212.00","2,477.90",Higher but not significantly so,Lower but not significantly so,Higher
5762,E01005922,Stockport 003F,Stockport 003F,30705.70,"34,081.80","27,694.70",Lower but not significantly so,Higher but not significantly so,Lower,12608.14081,13732.87487,12051.52485,Lower but not significantly so,Higher but not significantly so,Lower,"2,598.50","3,898.60","1,520.40",Higher but not significantly so,Higher but not significantly so,Lower but not significantly so
5763,E01005923,Stockport 041C,Stockport 041C,22565.60,"23,143.90","21,942.10",Lower,Lower,Lower,8620.237349,8386.365574,8982.354252,Lower,Lower,Lower,"1,579.20","1,771.70","1,431.60",Lower,Lower,Lower but not significantly so
5764,E01005924,Stockport 042A,Stockport 042A,22702.50,"22,993.40","22,411.80",Lower,Lower,Lower,9305.996158,8555.99679,9845.230233,Lower,Lower,Lower,"1,268.10","1,545.80","1,059.00",Lower,Lower,Lower
5765,E01005925,Stockport 042B,Stockport 042B,22904.80,"22,712.70","23,170.80",Lower,Lower,Lower,9812.48027,9533.028173,10321.96948,Lower,Lower,Lower,"1,589.20","2,389.40",966.1,Lower,Lower,Lower
5766,E01005926,Stockport 042C,Stockport 042C,30754.40,"34,950.30","26,120.10",Lower but not significantly so,Higher but not significantly so,Lower,11553.61569,10273.79389,12668.40003,Lower,Lower,Lower but not significantly so,"2,047.40","2,715.10","1,264.30",Lower but not significantly so,Lower but not significantly so,Lower but not significantly so
5767,E01005927,Stockport 032A,Stockport 032A,22930.60,"23,157.70","23,060.20",Lower,Lower,Lower,9344.573715,9814.525665,9226.727376,Lower,Lower,Lower,"1,450.50","2,210.20",771.1,Lower,Lower,Lower
5768,E01005928,Stockport 032B,Stockport 032B,39814.40,"37,600.70","42,336.10",Higher,Higher,Higher,17616.89957,15073.18051,20465.18566,Higher,Higher,Higher,"2,833.90","3,424.80","2,481.80",Higher but not significantly so,Lower but not significantly so,Higher
5769,E01005929,Stockport 032C,Stockport 032C,23432.80,"22,950.90","24,339.30",Lower,Lower,Lower,8879.874186,6945.467789,10871.67866,Lower,Lower,Lower,"1,490.40","1,971.90","1,082.40",Lower,Lower,Lower
5770,E01005930,Stockport 032D,Stockport 032D,20908.00,"19,938.00","21,763.90",Lower,Lower,Lower,8218.568154,6780.94164,9595.098118,Lower,Lower,Lower,"1,118.70","1,316.70",929.2,Lower,Lower,Lower
5771,E01005931,Stockport 041D,Stockport 041D,20636.50,"23,029.10","18,783.20",Lower,Lower,Lower,8921.511068,9685.016712,8525.063868,Lower,Lower,Lower,"1,140.60","1,739.30",690.4,Lower,Lower,Lower
5772,E01005932,Stockport 042D,Stockport 042D,22415.30,"22,793.30","22,106.30",Lower,Lower,Lower,7470.430107,7023.409737,7953.222795,Lower,Lower,Lower,"1,174.30","1,656.60",705.7,Lower,Lower,Lower
